a,z,c,a_next,residual
0.0,-0.3202563076101739,0.7259629433989999,0.0,0.04940513709928296
0.20202020202020202,-0.3202563076101739,0.789715297844668,0.14230818278319857,3.1411060730235363e-7
0.40404040404040403,-0.3202563076101739,0.8298402620267981,0.3082436207589162,1.1891195738078508e-6
0.6060606060606061,-0.3202563076101739,0.8612733776602013,0.48287069719097786,2.8968737608714434e-6
0.8080808080808081,-0.3202563076101739,0.8879838896706655,0.6622200770844193,5.7581223974478846e-6
1.0101010101010102,-0.3202563076101739,0.9116516408213274,0.8446118176222328,1.0122147096280898e-5
1.2121212121212122,-0.3202563076101739,0.9331604620800249,1.0291619833874932,1.6347878416422823e-5
1.4141414141414141,-0.3202563076101739,0.9530390588216218,1.2153417667198012,2.4782953422675114e-5
1.6161616161616161,-0.3202563076101739,0.971565831987093,1.4028726843595742,3.571245994249406e-5
1.8181818181818181,-0.3202563076101739,0.9890123655024688,1.5914830285030157,4.9594023360466366e-5
2.0202020202020203,-0.3202563076101739,1.0055733992150553,1.7809780084894242,6.661055779244585e-5
2.2222222222222223,-0.3202563076101739,1.0213869223530607,1.9712196172901932,8.68327239041955e-5
2.4242424242424243,-0.3202563076101739,1.0365563512029743,2.1621044425195546,0.00011025409807863262
2.6262626262626263,-0.3202563076101739,1.051161359381453,2.3535528145159557,0.00013685643794292268
2.8282828282828283,-0.3202563076101739,1.0652647829241197,2.5455018769984656,0.00016667592834673783
3.0303030303030303,-0.3202563076101739,1.0789169353278008,2.7379012361494848,0.00019990150929238837
3.2323232323232323,-0.3202563076101739,1.0921584733598633,2.9307100507433175,0.0002369951159507666
3.4343434343434343,-0.3202563076101739,1.1050223030104926,3.123895076883655,0.00027882490390207515
3.6363636363636362,-0.3202563076101739,1.117534856268625,3.3174293376320776,0.00032680738456325464
3.8383838383838382,-0.3202563076101739,1.1297169239563813,3.5112912335322437,0.00038305509442193575
4.040404040404041,-0.3202563076101739,1.141584171498888,3.705463970025078,0.0004505244630991223
4.242424242424242,-0.3202563076101739,1.1531474226057494,3.899935221720883,0.0005331528729696222
4.444444444444445,-0.3202563076101739,1.1644127776274427,4.094696972398463,0.0006359705053016196
4.646464646464646,-0.3202563076101739,1.1753816210349117,4.2897454818758485,0.0007651719217001141
4.848484848484849,-0.3202563076101739,1.1860505671680572,4.485081336277297,0.0009281330758362794
5.05050505050505,-0.3202563076101739,1.1964113906735414,4.680709541628897,0.0011333593443069168
5.252525252525253,-0.3202563076101739,1.206450988831264,4.876639620914078,0.0013903488990268942
5.454545454545454,-0.3202563076101739,1.2161514254018155,5.072885673132936,0.0017093540097040671
5.656565656565657,-0.3202563076101739,1.22549010957953,5.26946634929514,0.002101021692475835
5.858585858585859,-0.3202563076101739,1.234440167360354,5.466404695787448,0.002575895695475894
6.0606060606060606,-0.3202563076101739,1.2429710648548549,5.663727810534377,0.0031437657563522237
6.262626262626263,-0.3202563076101739,1.2510495407229272,5.861466253551717,0.003812860038553856
6.4646464646464645,-0.3202563076101739,1.2586408945855085,6.059653153096245,0.004588895605650567
6.666666666666667,-0.3202563076101739,1.2657100519397635,6.258324162627404,0.005465583525218198
6.8686868686868685,-0.3202563076101739,1.2722229348331155,6.457517098717796,0.006451518281670676
7.070707070707071,-0.3202563076101739,1.2781542823640724,6.657257443133945,0.007537193705165368
7.2727272727272725,-0.3202563076101739,1.2834849938819406,6.857572018416785,0.008704485594755784
7.474747474747475,-0.3202563076101739,1.2882035137627383,7.058481754880939,0.009937078753938011
7.6767676767676765,-0.3202563076101739,1.292311320805918,7.259994791360506,0.011209225026863057
7.878787878787879,-0.3202563076101739,1.29582101290055,7.462109757976225,0.012490792887865587
8.080808080808081,-0.3202563076101739,1.2987588805028265,7.664812605161613,0.013749997561310123
8.282828282828282,-0.3202563076101739,1.30116379318532,7.868077084148706,0.01495291350400818
8.484848484848484,-0.3202563076101739,1.3030829779277386,8.071868319386171,0.016072505284881133
8.686868686868687,-0.3202563076101739,1.3045770826110665,8.276129789609188,0.0170789366960985
8.88888888888889,-0.3202563076101739,1.3057091552572277,8.480801352498197,0.01794451789473217
9.090909090909092,-0.3202563076101739,1.30654253171081,8.685819674102575,0.018669002682599967
9.292929292929292,-0.3202563076101739,1.3071377030850486,8.891121385840016,0.01925699250584534
9.494949494949495,-0.3202563076101739,1.3075494799902438,9.096646641004753,0.01971750954633289
9.696969696969697,-0.3202563076101739,1.3078250958586743,9.302341887254785,0.020065219376330434
9.8989898989899,-0.3202563076101739,1.3080033260010593,9.508161609892385,0.020318068075790285
10.1010101010101,-0.3202563076101739,1.3081145261697413,9.714069007842896,0.020494981002038393
10.303030303030303,-0.3202563076101739,1.3081813731165006,9.920035744008631,0.02061396515628311
10.505050505050505,-0.3202563076101739,1.3082200363871164,10.126041026595388,0.020690808655092208
10.707070707070708,-0.3202563076101739,1.3082415208336993,10.332070315613787,0.02073841280321065
10.909090909090908,-0.3202563076101739,1.3082529733250743,10.538113921031531,0.020766668145480116
11.11111111111111,-0.3202563076101739,1.3082588203900296,10.744165691009956,0.020782716697313575
11.313131313131313,-0.3202563076101739,1.3082616748048506,10.950221907434864,0.020791427781795102
11.515151515151516,-0.3202563076101739,1.3082630048941128,11.156280432835363,0.020795939995676527
11.717171717171718,-0.3202563076101739,1.3082635954125443,11.362340099671675,0.02079816702053472
11.919191919191919,-0.3202563076101739,1.308263844721101,11.568400302752638,0.020799212632333197
12.121212121212121,-0.3202563076101739,1.3082639446078308,11.774460744812028,0.020799678830998314
12.323232323232324,-0.3202563076101739,1.308263982505367,11.980521287701912,0.02079987585624732
12.525252525252526,-0.3202563076101739,1.3082639960903875,12.186581870785666,0.020799954626885775
12.727272727272727,-0.3202563076101739,1.3082640006805084,12.392642468973648,0.02079998435593522
12.929292929292929,-0.3202563076101739,1.3082640021388774,12.59870307249961,0.020799994923867304
13.131313131313131,-0.3202563076101739,1.308264002573726,12.80476367779521,0.02079999845356595
13.333333333333334,-0.3202563076101739,1.3082640026954424,13.01082428363962,0.020799999558376414
13.535353535353535,-0.3202563076101739,1.3082640027277481,13.21688488964277,0.020799999881542353
13.737373737373737,-0.3202563076101739,1.3082640027363057,13.42294549568861,0.020799999969619787
13.93939393939394,-0.3202563076101739,1.3082640027390187,13.629006101745082,0.020799999991922835
14.141414141414142,-0.3202563076101739,1.3082640027404082,13.83506670780399,0.0207999999971602
14.343434343434344,-0.3202563076101739,1.3082640027415267,14.041127313863408,0.020799999998306506
14.545454545454545,-0.3202563076101739,1.3082640027425998,14.247187919922919,0.0207999999985502
14.747474747474747,-0.3202563076101739,1.3082640027436714,14.45324852598244,0.02079999999861204
14.94949494949495,-0.3202563076101739,1.3082640027447492,14.659309132041955,0.020799999998639795
15.151515151515152,-0.3202563076101739,1.3082640027458332,14.865369738101462,0.02079999999866311
15.353535353535353,-0.3202563076101739,1.3082640027469226,15.071430344160966,0.020799999998687202
15.555555555555555,-0.3202563076101739,1.3082640027480148,15.277490950220464,0.020799999998713292
15.757575757575758,-0.3202563076101739,1.3082640027491088,15.483551556279963,0.02079999999874027
15.95959595959596,-0.3202563076101739,1.3082640027502022,15.689612162339461,0.02079999999876858
16.161616161616163,-0.3202563076101739,1.3082640027512928,15.895672768398962,0.020799999998798113
16.363636363636363,-0.3202563076101739,1.308264002752378,16.101733374458465,0.02079999999882831
16.565656565656564,-0.3202563076101739,1.3082640027534551,16.307793980517975,0.020799999998859175
16.767676767676768,-0.3202563076101739,1.308264002754521,16.5138545865775,0.020799999998890706
16.96969696969697,-0.3202563076101739,1.3082640027555716,16.71991519263704,0.020799999998922014
17.171717171717173,-0.3202563076101739,1.3082640027566033,16.925975798696598,0.020799999998953767
17.373737373737374,-0.3202563076101739,1.30826400275761,17.132036404756185,0.02079999999898663
17.575757575757574,-0.3202563076101739,1.3082640027585857,17.338097010815794,0.02079999999902138
17.77777777777778,-0.3202563076101739,1.308264002759524,17.54415761687545,0.020799999999056462
17.97979797979798,-0.3202563076101739,1.3082640027604187,17.750218222935143,0.020799999999092544
18.181818181818183,-0.3202563076101739,1.3082640027612609,17.95627882899489,0.020799999999132734
18.383838383838384,-0.3202563076101739,1.3082640027620438,18.162339435054697,0.020799999999176255
18.585858585858585,-0.3202563076101739,1.308264002762761,18.368400041114565,0.020799999999221885
18.78787878787879,-0.3202563076101739,1.3082640027634067,18.574460647174508,0.020799999999271623
18.98989898989899,-0.3202563076101739,1.3082640027639778,18.780521253234525,0.020799999999322805
19.19191919191919,-0.3202563076101739,1.308264002764472,18.986581859294617,0.020799999999374097
19.393939393939394,-0.3202563076101739,1.308264002764889,19.192642465354787,0.020799999999426277
19.595959595959595,-0.3202563076101739,1.3082640027652288,19.398703071415035,0.020799999999480123
19.7979797979798,-0.3202563076101739,1.3082640027654944,19.604763677475358,0.02079999999953297
20.0,-0.3202563076101739,1.308264002765692,19.810824283535748,0.020799999999582375
0.0,-0.2401922307076304,0.7864766615692377,0.0,0.041733341018868386
0.20202020202020202,-0.2401922307076304,0.8474232649514003,0.14511374192212023,1.1065488929595801e-6
0.40404040404040403,-0.2401922307076304,0.8858332154469395,0.3127636654373229,4.039288154622511e-6
0.6060606060606061,-0.2401922307076304,0.915954064155615,0.48870200446044587,9.512090097474335e-6
0.8080808080808081,-0.2401922307076304,0.9415703483444513,0.6691439796215873,1.831551731079628e-5
1.0101010101010102,-0.2401922307076304,0.9642823267360114,0.852489077858585,3.126060177005563e-5
1.2121212121212122,-0.2401922307076304,0.984930784925149,1.037896258651192,4.914153113710906e-5
1.4141414141414141,-0.2401922307076304,1.0040176640577696,1.2248633353571612,7.270490852795408e-5
1.6161616161616161,-0.2401922307076304,1.0218633225228795,1.4130698936563062,0.00010200339808086323
1.8181818181818181,-0.2401922307076304,1.0386398753765267,1.6023432641601032,0.00013892169202556204
2.0202020202020203,-0.2401922307076304,1.0545478798657784,1.7924827146163083,0.00018390711284865802
2.2222222222222223,-0.2401922307076304,1.0697189330492523,1.983356521598978,0.00023722714631024822
2.4242424242424243,-0.2401922307076304,1.0842504879036174,2.1748669847784488,0.0002995302038935055
2.6262626262626263,-0.2401922307076304,1.098216462158613,2.366939900772621,0.00037153243084786514
2.8282828282828283,-0.2401922307076304,1.1116738406891407,2.5595178969820713,0.00045420431310827514
3.0303030303030303,-0.2401922307076304,1.1246668726234448,2.7525561680116315,0.0005489522940654856
3.2323232323232323,-0.2401922307076304,1.13722976524059,2.9460197250664764,0.0006577713467528223
3.4343434343434343,-0.2401922307076304,1.1493884289726084,3.1398815967478364,0.0007833868929157939
3.6363636363636362,-0.2401922307076304,1.161161604022711,3.3341216455463827,0.0009293961115459659
3.8383838383838382,-0.2401922307076304,1.1725615633039674,3.5287258086247117,0.0011004081766982088
4.040404040404041,-0.2401922307076304,1.1835945253252054,3.723685641546223,0.0013021624460389791
4.242424242424242,-0.2401922307076304,1.194260885042203,3.918998072040865,0.0015415882891521848
4.444444444444445,-0.2401922307076304,1.2045553586969713,4.114665280655459,0.001826769838086384
4.646464646464646,-0.2401922307076304,1.2144671315542714,4.310694629947889,0.0021667861681839984
4.848484848484849,-0.2401922307076304,1.2239800935883098,4.507098567049324,0.0025714028087638896
5.05050505050505,-0.2401922307076304,1.2330732459426814,4.703894425204078,0.0030505946419731034
5.252525252525253,-0.2401922307076304,1.2417213573348413,4.901104049131135,0.0036138879145151126
5.454545454545454,-0.2401922307076304,1.2498959401499747,5.0987531702686155,0.00426952433671568
5.656565656565657,-0.2401922307076304,1.2575665970658823,5.296870464939755,0.005023474098738601
5.858585858585859,-0.2401922307076304,1.2647027574112566,5.4954862447326365,0.0058783567091851285
6.0606060606060606,-0.2401922307076304,1.2712757759801048,5.694630757020752,0.006832367421847341
6.262626262626263,-0.2401922307076304,1.2772613055105602,5.8943321177465355,0.007878348744639996
6.4646464646464645,-0.2401922307076304,1.282641782274837,6.094613959779887,0.009003181336487476
6.666666666666667,-0.2401922307076304,1.2874087923530202,6.2954929556076635,0.010187682357085226
6.8686868686868685,-0.2401922307076304,1.2915650327967123,6.496976451896591,0.01140716924383256
7.070707070707071,-0.2401922307076304,1.2951255675836761,6.69906051628277,0.012632758820856571
7.2727272727272725,-0.2401922307076304,1.29811811956532,6.901728723349123,0.01383341465210186
7.474747474747475,-0.2401922307076304,1.3005822616129645,7.104951935551928,0.014978589047158986
7.6767676767676765,-0.2401922307076304,1.3025675519681599,7.308689170536714,0.01604069390645202
7.878787878787879,-0.2401922307076304,1.304130686184338,7.512889770075926,0.016997603427725938
8.080808080808081,-0.2401922307076304,1.3053321717044248,7.717496326451268,0.017834462796361916
8.282828282828282,-0.2401922307076304,1.3062328638471876,7.922448167720205,0.018544379445763925
8.484848484848484,-0.2401922307076304,1.3068908376786705,8.12768484432293,0.01912824319133377
8.686868686868687,-0.2401922307076304,1.3073588847233868,8.333149274149104,0.019593585797842872
8.88888888888889,-0.2401922307076304,1.3076828525228221,8.538790165738014,0.019952890180253147
9.090909090909092,-0.2401922307076304,1.3079008879949363,8.744563494045414,0.02022168272077829
9.292929292929292,-0.2401922307076304,1.308043455762267,8.95043308086483,0.020416444381929688
9.494949494949495,-0.2401922307076304,1.3081339441515956,9.156370406109833,0.02055308950696555
9.696969696969697,-0.2401922307076304,1.3081896357445713,9.362353865667982,0.02064588067481099
9.8989898989899,-0.2401922307076304,1.3082228319196627,9.568367717013045,0.02070683043648891
10.1010101010101,-0.2401922307076304,1.3082419695924017,9.774400918137816,0.020745522936417182
10.303030303030303,-0.2401922307076304,1.3082526238198984,9.980446012717092,0.020769236808582336
10.505050505050505,-0.2401922307076304,1.308258341920458,10.186498155186404,0.02078324974299317
10.707070707070708,-0.2401922307076304,1.308261295103288,10.392554317707825,0.020791221377112756
10.909090909090908,-0.2401922307076304,1.3082627599975865,10.598612683373673,0.02079557975672741
11.11111111111111,-0.2401922307076304,1.3082634565179867,10.80467220687332,0.020797865744440314
11.313131313131313,-0.2401922307076304,1.3082637733129259,11.01073231267629,0.020799013802952793
11.515151515151516,-0.2401922307076304,1.308263910849473,11.216792698137823,0.020799564780991875
11.717171717171718,-0.2401922307076304,1.3082639677222758,11.422853211577065,0.02079981695351274
11.919191919191919,-0.2401922307076304,1.3082639900713413,11.628913780696028,0.020799926788921397
12.121212121212121,-0.2401922307076304,1.3082639983980573,11.834974372793353,0.020799972217365736
12.323232323232324,-0.2401922307076304,1.3082640013324598,12.041034973864381,0.02079999001981847
12.525252525252526,-0.2401922307076304,1.3082640023083838,12.247095578243469,0.02079999661431875
12.727272727272727,-0.2401922307076304,1.3082640026141892,12.453156183770766,0.020799998917710005
12.929292929292929,-0.2401922307076304,1.3082640027045613,12.659216789672326,0.020799999674461
13.131313131313131,-0.2401922307076304,1.3082640027300663,12.865277395688082,0.02079999990766357
13.333333333333334,-0.2401922307076304,1.3082640027373431,13.071338001736338,0.020799999974855155
13.535353535353535,-0.2401922307076304,1.308264002739861,13.277398607793184,0.020799999992901275
13.737373737373737,-0.2401922307076304,1.3082640027412338,13.483459213852132,0.020799999997409002
13.93939393939394,-0.2401922307076304,1.3082640027423573,13.689519819911549,0.020799999998462826
14.141414141414142,-0.2401922307076304,1.3082640027434373,13.895580425971053,0.020799999998700525
14.343434343434344,-0.2401922307076304,1.308264002744516,14.101641032030566,0.020799999998762253
14.545454545454545,-0.2401922307076304,1.308264002745601,14.307701638090073,0.02079999999878923
14.747474747474747,-0.2401922307076304,1.3082640027466912,14.513762244149577,0.020799999998811325
14.94949494949495,-0.2401922307076304,1.3082640027477845,14.719822850209079,0.020799999998834418
15.151515151515152,-0.2401922307076304,1.3082640027488797,14.925883456268572,0.020799999998857732
15.353535353535353,-0.2401922307076304,1.3082640027499728,15.131944062328072,0.020799999998884156
15.555555555555555,-0.2401922307076304,1.3082640027510615,15.338004668387576,0.0207999999989118
15.757575757575758,-0.2401922307076304,1.3082640027521437,15.544065274447085,0.02079999999893789
15.95959595959596,-0.2401922307076304,1.3082640027532149,15.750125880506607,0.02079999999896709
16.161616161616163,-0.2401922307076304,1.3082640027542716,15.956186486566141,0.02079999999899551
16.363636363636363,-0.2401922307076304,1.3082640027553092,16.16224709262569,0.020799999999024266
16.565656565656564,-0.2401922307076304,1.308264002756323,16.368307698685268,0.0207999999990518
16.767676767676768,-0.2401922307076304,1.3082640027573071,16.57436830474488,0.020799999999080776
16.96969696969697,-0.2401922307076304,1.3082640027582548,16.78042891080452,0.02079999999911053
17.171717171717173,-0.2401922307076304,1.308264002759159,16.98648951686421,0.020799999999140728
17.373737373737374,-0.2401922307076304,1.308264002760013,17.192550122923947,0.02079999999917248
17.575757575757574,-0.2401922307076304,1.3082640027608083,17.39861072898374,0.02079999999920712
17.77777777777778,-0.2401922307076304,1.3082640027615402,17.6046713350436,0.02079999999924187
17.97979797979798,-0.2401922307076304,1.3082640027622021,17.810731941103533,0.020799999999280394
18.181818181818183,-0.2401922307076304,1.3082640027627908,18.016792547163533,0.020799999999320806
18.383838383838384,-0.2401922307076304,1.3082640027633046,18.22285315322361,0.02079999999936344
18.585858585858585,-0.2401922307076304,1.308264002763745,18.42891375928376,0.020799999999406737
18.78787878787879,-0.2401922307076304,1.3082640027641153,18.63497436534398,0.020799999999449703
18.98989898989899,-0.2401922307076304,1.3082640027644183,18.84103497140427,0.020799999999492558
19.19191919191919,-0.2401922307076304,1.30826400276466,19.047095577464617,0.020799999999532748
19.393939393939394,-0.2401922307076304,1.3082640027648438,19.253156183525025,0.020799999999572383
19.595959595959595,-0.2401922307076304,1.3082640027649763,19.45921678958549,0.0207999999996078
19.7979797979798,-0.2401922307076304,1.3082640027650645,19.665277395645997,0.020799999999639107
20.0,-0.2401922307076304,1.308264002765119,19.87133800170654,0.020799999999662866
0.0,-0.16012815380508694,0.8520345904944235,0.0,0.03399961902705484
0.20202020202020202,-0.16012815380508694,0.9093715913665847,0.14872253425534343,4.234893323795674e-6
0.40404040404040403,-0.16012815380508694,0.9456113544622793,0.31854064603346477,1.4478816487417667e-5
0.6060606060606061,-0.16012815380508694,0.9740859268761635,0.49612177759749454,3.223914384387072e-5
0.8080808080808081,-0.16012815380508694,0.9983335494013631,0.6779271551442381,5.908451057567987e-5
1.0101010101010102,-0.16012815380508694,1.0198479149028148,0.8624625677026634,9.650449621934065e-5
1.2121212121212122,-0.16012815380508694,1.0394118550207327,1.0489446960336677,0.00014586143686057262
1.4141414141414141,-0.16012815380508694,1.0574910658502372,1.2369073903751162,0.0002083803641547144
1.6161616161616161,-0.16012815380508694,1.0743865123646048,1.4260492566045675,0.00028517599239186175
1.8181818181818181,-0.16012815380508694,1.0903040219539974,1.616164045690032,0.00037729954867815607
2.0202020202020203,-0.16012815380508694,1.1053465128982256,1.8071487057219802,0.0004848718161517551
2.2222222222222223,-0.16012815380508694,1.1196463470809603,1.9988696207647123,0.0006115773751466103
2.4242424242424243,-0.16012815380508694,1.1332958393188146,2.191233904853937,0.0007587002996838343
2.6262626262626263,-0.16012815380508694,1.146359447141016,2.384176473070966,0.0009276541565478302
2.8282828282828283,-0.16012815380508694,1.158884885976601,2.5776484938485256,0.0011212588048343797
3.0303030303030303,-0.16012815380508694,1.170906842290831,2.7716138830615056,0.0013430518490815668
3.2323232323232323,-0.16012815380508694,1.182449405527141,2.9660468447698496,0.0015973907167262658
3.4343434343434343,-0.16012815380508694,1.1935277251492709,3.160930194037922,0.0018895028980996376
3.6363636363636362,-0.16012815380508694,1.204149130261313,3.3562542162056257,0.0022255203314646144
3.8383838383838382,-0.16012815380508694,1.2143139086436243,3.552015889870551,0.0026124882680761408
4.040404040404041,-0.16012815380508694,1.2240159206911136,3.7482183411770933,0.003058252624102087
4.242424242424242,-0.16012815380508694,1.2332432174583616,3.944870383197229,0.003571146051620566
4.444444444444445,-0.16012815380508694,1.2419788112679613,4.141985997062468,0.004159436026617058
4.646464646464646,-0.16012815380508694,1.2502017198494748,4.339583629402514,0.004830535706202621
4.848484848484849,-0.16012815380508694,1.2578883736203927,4.537685201134162,0.005590005424483402
5.05050505050505,-0.16012815380508694,1.2650144317019034,4.736314746352604,0.006440410878381875
5.252525252525253,-0.16012815380508694,1.271556987925647,4.935496638991313,0.007380158466068543
5.454545454545454,-0.16012815380508694,1.2774970645672639,5.135253427711515,0.00840248465278659
5.656565656565657,-0.16012815380508694,1.2828222009478476,5.335603383637999,0.009494811635097244
5.858585858585859,-0.16012815380508694,1.2875288646188483,5.5365579582128,0.01063867774978311
6.0606060606060606,-0.16012815380508694,1.2916243675024441,5.738119430087302,0.01181039524223304
6.262626262626263,-0.16012815380508694,1.2951279781214613,5.940279067013296,0.012982480403652352
6.4646464646464645,-0.16012815380508694,1.29807099586041,6.143016118733373,0.014125755972931309
6.666666666666667,-0.16012815380508694,1.3004956905992224,6.346297877530092,0.015211871937825028
6.8686868686868685,-0.16012815380508694,1.3024531870371812,6.55008089710539,0.01621587104814015
7.070707070707071,-0.16012815380508694,1.3040005533404015,6.75431327187732,0.017118374095761446
7.2727272727272725,-0.16012815380508694,1.3051974905560626,6.958937687170283,0.017907013661334736
7.474747474747475,-0.16012815380508694,1.3061030723687381,7.163894806215385,0.018576893758719626
7.6767676767676765,-0.16012815380508694,1.3067729367408973,7.369126524389574,0.019130075055980966
7.878787878787879,-0.16012815380508694,1.3072571996207545,7.5745786867419564,0.019574306713879275
8.080808080808081,-0.16012815380508694,1.3075992015894649,7.780203018428885,0.01992132394614521
8.282828282828282,-0.16012815380508694,1.307835042734717,7.985958196669634,0.02018506730625358
8.484848484848484,-0.16012815380508694,1.3079937531494203,8.191810148677007,0.020380111191797834
8.686868686868687,-0.16012815380508694,1.308097913544334,8.397731748088724,0.020520441741692763
8.88888888888889,-0.16012815380508694,1.3081645287840447,8.603702112978569,0.020618647917358013
9.090909090909092,-0.16012815380508694,1.3082060101717474,8.80970567687628,0.02068546672278071
9.292929292929292,-0.16012815380508694,1.3082311345802888,9.015731210389305,0.020729647260828377
9.494949494949495,-0.16012815380508694,1.3082459180088655,9.221770866266281,0.02075801875409089
9.696969696969697,-0.16012815380508694,1.308254357614965,9.427819330083711,0.020775695421756724
9.8989898989899,-0.16012815380508694,1.3082590251529234,9.633873118095522,0.02078636802040501
10.1010101010101,-0.16012815380508694,1.3082615216922941,9.8399300212709,0.02079260449851872
10.303030303030303,-0.16012815380508694,1.308262810710902,10.04598868591012,0.02079612620747351
10.505050505050505,-0.16012815380508694,1.3082634518662908,10.252048311354095,0.02079804468383928
10.707070707070708,-0.16012815380508694,1.3082637584172228,10.458108441300645,0.020799050924802942
10.909090909090908,-0.16012815380508694,1.308263898982676,10.664168825678644,0.020799557995456408
11.11111111111111,-0.16012815380508694,1.3082639606492834,10.870229332999525,0.020799802944052592
11.313131313131313,-0.16012815380508694,1.3082639864683467,11.076289897095629,0.020799916104020655
11.515151515151516,-0.16012815380508694,1.3082639967590386,11.282350486183212,0.020799965975579426
11.717171717171718,-0.16012815380508694,1.308264000653427,11.488411085728286,0.02079998689009188
11.919191919191919,-0.16012815380508694,1.3082640020493512,11.694471689421505,0.020799995213771738
12.121212121212121,-0.16012815380508694,1.3082640025222583,11.900532294669835,0.020799998349003368
12.323232323232324,-0.16012815380508694,1.308264002673901,12.10659290046788,0.02079999946290978
12.525252525252526,-0.16012815380508694,1.3082640027200296,12.312653506448617,0.020799999835653726
12.727272727272727,-0.16012815380508694,1.3082640027341343,12.518714112485075,0.02079999995176085
12.929292929292929,-0.16012815380508694,1.3082640027387509,12.72477471853823,0.020799999985680162
13.131313131313131,-0.16012815380508694,1.3082640027407098,12.930835324596124,0.020799999995443463
13.333333333333334,-0.16012815380508694,1.3082640027419794,13.13689593065527,0.020799999998080354
13.535353535353535,-0.16012815380508694,1.3082640027430887,13.342956536714711,0.020799999998753926
13.737373737373737,-0.16012815380508694,1.308264002744169,13.549017142774218,0.020799999998923124
13.93939393939394,-0.16012815380508694,1.3082640027452483,13.755077748833733,0.020799999998974417
14.141414141414142,-0.16012815380508694,1.308264002746332,13.961138354893244,0.020799999998999397
14.343434343434344,-0.16012815380508694,1.3082640027474173,14.16719896095275,0.020799999999021823
14.545454545454545,-0.16012815380508694,1.3082640027485026,14.373259567012257,0.02079999999904336
14.747474747474747,-0.16012815380508694,1.3082640027495847,14.579320173071768,0.02079999999906601
14.94949494949495,-0.16012815380508694,1.30826400275066,14.785380779131287,0.02079999999908899
15.151515151515152,-0.16012815380508694,1.3082640027517263,14.991441385190814,0.020799999999111862
15.353535353535353,-0.16012815380508694,1.3082640027527779,15.197501991250352,0.020799999999136398
15.555555555555555,-0.16012815380508694,1.3082640027538115,15.403562597309913,0.02079999999915927
15.757575757575758,-0.16012815380508694,1.308264002754822,15.609623203369498,0.02079999999918203
15.95959595959596,-0.16012815380508694,1.308264002755803,15.81568380942911,0.020799999999205565
16.161616161616163,-0.16012815380508694,1.3082640027567485,16.02174441548876,0.02079999999922799
16.363636363636363,-0.16012815380508694,1.3082640027576513,16.22780502154845,0.020799999999251195
16.565656565656564,-0.16012815380508694,1.308264002758504,16.43386562760819,0.02079999999927684
16.767676767676768,-0.16012815380508694,1.3082640027592995,16.639926233667993,0.020799999999302488
16.96969696969697,-0.16012815380508694,1.3082640027600314,16.84598683972785,0.020799999999329688
17.171717171717173,-0.16012815380508694,1.3082640027606942,17.05204744578778,0.020799999999358887
17.373737373737374,-0.16012815380508694,1.3082640027612842,17.25810805184779,0.02079999999938953
17.575757575757574,-0.16012815380508694,1.3082640027617995,17.464168657907862,0.02079999999942317
17.77777777777778,-0.16012815380508694,1.308264002762242,17.670229263968015,0.020799999999458252
17.97979797979798,-0.16012815380508694,1.308264002762616,17.876289870028234,0.02079999999949389
18.181818181818183,-0.16012815380508694,1.308264002762928,18.082350476088514,0.020799999999528418
18.383838383838384,-0.16012815380508694,1.3082640027631862,18.288411082148855,0.02079999999956106
18.585858585858585,-0.16012815380508694,1.3082640027633974,18.494471688209234,0.0207999999995917
18.78787878787879,-0.16012815380508694,1.3082640027635684,18.700532294269664,0.02079999999961779
18.98989898989899,-0.16012815380508694,1.3082640027637022,18.90659290033013,0.020799999999640884
19.19191919191919,-0.16012815380508694,1.308264002763802,19.112653506390625,0.0207999999996622
19.393939393939394,-0.16012815380508694,1.3082640027638703,19.318714112451158,0.02079999999968063
19.595959595959595,-0.16012815380508694,1.308264002763912,19.524774718511715,0.02079999999969584
19.7979797979798,-0.16012815380508694,1.308264002763934,19.730835324572297,0.020799999999707164
20.0,-0.16012815380508694,1.308264002763944,19.93689593063289,0.020799999999713936
0.0,-0.08006407690254347,0.92305719784552,0.0,0.026203152381315653
0.20202020202020202,-0.08006407690254347,0.9757202820061268,0.15339269583396353,1.7801325621458197e-5
0.40404040404040403,-0.08006407690254347,1.0091840185591225,0.3259790443418029,5.4790382734148935e-5
0.6060606060606061,-0.08006407690254347,1.0355562334503954,0.5056505486480871,0.00011234039437479915
0.8080808080808081,-0.08006407690254347,1.058046115771664,0.6891972534020241,0.0001923051845896806
1.0101010101010102,-0.08006407690254347,1.0780050474181628,0.8752670700016516,0.0002963856950760624
1.2121212121212122,-0.08006407690254347,1.0961385761752718,1.063153815262552,0.0004260626583162397
1.4141414141414141,-0.08006407690254347,1.1128641645681536,1.2524394265194263,0.0005826840689546753
1.6161616161616161,-0.08006407690254347,1.1284495539746802,1.4428555349360952,0.0007676350059190318
1.8181818181818181,-0.08006407690254347,1.1430759699776796,1.6342201902490299,0.0009825370282676715
2.0202020202020203,-0.08006407690254347,1.1568702724581919,1.8264056440736427,0.0012294476746061989
2.2222222222222223,-0.08006407690254347,1.169920734284688,2.0193225632000305,0.0015083358454227591
2.4242424242424243,-0.08006407690254347,1.1822672040872872,2.2129315365850717,0.0018249842928071969
2.6262626262626263,-0.08006407690254347,1.193969286135594,2.4071690829815626,0.0021827138408984093
2.8282828282828283,-0.08006407690254347,1.2050647041644886,2.601995861322947,0.0025879543309041964
3.0303030303030303,-0.08006407690254347,1.2155767625958278,2.797386602464731,0.0030457276406125056
3.2323232323232323,-0.08006407690254347,1.2255177523759748,2.9933269703202585,0.003561423639963701
3.4343434343434343,-0.08006407690254347,1.234891374050109,3.189811245230365,0.0041404895993449875
3.6363636363636362,-0.08006407690254347,1.2436945844480671,3.386840590223217,0.0047881117525672146
3.8383838383838382,-0.08006407690254347,1.2519192108963022,3.584421639019091,0.005508784682301648
4.040404040404041,-0.08006407690254347,1.2595536244975944,3.782565150275743,0.006305610191961408
4.242424242424242,-0.08006407690254347,1.2665846605837836,3.9812844928750275,0.0071793411091295445
4.444444444444445,-0.08006407690254347,1.2729998475228599,4.180593828004232,0.008127313877017817
4.646464646464646,-0.08006407690254347,1.2787898900371175,4.380505965443495,0.009142457847570618
4.848484848484849,-0.08006407690254347,1.2839512462987144,4.5810299644158246,0.010212592519044605
5.05050505050505,-0.08006407690254347,1.2884885326753128,4.782168647191931,0.011320249577502772
5.252525252525253,-0.08006407690254347,1.2924164124135444,4.983916301555415,0.012443234068540643
5.454545454545454,-0.08006407690254347,1.295760617631624,5.186256929072749,0.01355602288511304
5.656565656565657,-0.08006407690254347,1.2985578454800812,5.3891633994446355,0.014631899215095445
5.858585858585859,-0.08006407690254347,1.3008544530325827,5.592597766088719,0.015645500503833287
6.0606060606060606,-0.08006407690254347,1.3027041076133954,5.796512793613407,0.016575299903008323
6.262626262626263,-0.08006407690254347,1.3041647579712552,6.000854495838616,0.017405525310813075
6.4646464646464645,-0.08006407690254347,1.3052954052244106,6.205565270993215,0.018127169029602208
6.666666666666667,-0.08006407690254347,1.3061531341718275,6.410587127938657,0.018737999520622273
6.8686868686868685,-0.08006407690254347,1.3067907395186416,6.6158645513022325,0.019241736557015998
7.070707070707071,-0.08006407690254347,1.3072551158233128,6.821346707953943,0.019646687814502073
7.2727272727272725,-0.08006407690254347,1.307586420079837,7.0269888676967245,0.01996417749978352
7.474747474747475,-0.08006407690254347,1.307817904835773,7.232753066636156,0.02020703642595134
7.6767676767676765,-0.08006407690254347,1.3079762561198867,7.438608136834578,0.020388337102221876
7.878787878787879,-0.08006407690254347,1.30808226293013,7.644529276565234,0.02052045131095881
8.080808080808081,-0.08006407690254347,1.308151677091547,7.850497329011121,0.020614416195727348
8.282828282828282,-0.08006407690254347,1.3081961072175057,8.05649789507082,0.020679638598539718
8.484848484848484,-0.08006407690254347,1.3082238924254939,8.262520463521014,0.020723791890375654
8.686868686868687,-0.08006407690254347,1.30824084926707,8.46855753840475,0.02075294594226007
8.88888888888889,-0.08006407690254347,1.308250939768431,8.674604006064683,0.020771699855570036
9.090909090909092,-0.08006407690254347,1.3082568075200687,8.880656299175058,0.020783415084426937
9.292929292929292,-0.08006407690254347,1.308260148073473,9.086712108231737,0.02079046249558958
9.494949494949495,-0.08006407690254347,1.308261997205276,9.29277002258841,0.02079465018706861
9.696969696969697,-0.08006407690254347,1.3082629909834502,9.498829162086125,0.02079708649704959
9.8989898989899,-0.08006407690254347,1.3082635086887775,9.704888993524866,0.02079846186749823
10.1010101010101,-0.08006407690254347,1.3082637696525514,9.910949203653123,0.020799214154558876
10.303030303030303,-0.08006407690254347,1.3082638966972255,10.117009614254798,0.020799612161213954
10.505050505050505,-0.08006407690254347,1.3082639563098453,10.32307012731165,0.02079981545891474
10.707070707070708,-0.08006407690254347,1.3082639832139478,10.52913069081019,0.020799915514555956
10.909090909090908,-0.08006407690254347,1.308263994867863,10.735191278178432,0.020799962862733112
11.11111111111111,-0.08006407690254347,1.3082639997025995,10.941251876378388,0.020799984359426427
11.313131313131313,-0.08006407690254347,1.3082640016196172,11.147312479280696,0.02079999370231589
11.515151515151516,-0.08006407690254347,1.3082640023448247,11.353373084131366,0.020799997580694618
11.717171717171718,-0.08006407690254347,1.3082640026063093,11.559433689750684,0.020799999114959777
11.919191919191919,-0.08006407690254347,1.3082640026963082,11.765494295658074,0.02079999969205404
12.121212121212121,-0.08006407690254347,1.3082640027261605,11.971554901667798,0.02079999989799175
12.323232323232324,-0.08006407690254347,1.3082640027360397,12.177615507711906,0.020799999967576643
12.525252525252526,-0.08006407690254347,1.3082640027396546,12.383676113766905,0.02079999998980908
12.727272727272727,-0.08006407690254347,1.3082640027414039,12.589736719825186,0.02079999999653881
12.929292929292929,-0.08006407690254347,1.3082640027426327,12.795797325884404,0.020799999998492025
13.131313131313131,-0.08006407690254347,1.3082640027437293,13.001857931943865,0.020799999999034924
13.333333333333334,-0.08006407690254347,1.308264002744798,13.207918538003383,0.02079999999918536
13.535353535353535,-0.08006407690254347,1.3082640027458625,13.41397914406291,0.02079999999923532
13.737373737373737,-0.08006407690254347,1.3082640027469263,13.62003975012244,0.02079999999926052
13.93939393939394,-0.08006407690254347,1.308264002747987,13.826100356181975,0.020799999999281615
14.141414141414142,-0.08006407690254347,1.3082640027490415,14.032160962241516,0.02079999999930171
14.343434343434344,-0.08006407690254347,1.3082640027500867,14.238221568301064,0.02079999999932103
14.545454545454545,-0.08006407690254347,1.3082640027511174,14.444282174360627,0.020799999999341456
14.747474747474747,-0.08006407690254347,1.3082640027521304,14.650342780420209,0.020799999999359553
14.94949494949495,-0.08006407690254347,1.3082640027531198,14.856403386479816,0.020799999999377983
15.151515151515152,-0.08006407690254347,1.3082640027540804,15.06246399253945,0.020799999999395635
15.353535353535353,-0.08006407690254347,1.3082640027550052,15.26852459859912,0.020799999999412955
15.555555555555555,-0.08006407690254347,1.3082640027558883,15.474585204658835,0.02079999999942994
15.757575757575758,-0.08006407690254347,1.3082640027567223,15.680645810718598,0.02079999999944626
15.95959595959596,-0.08006407690254347,1.3082640027574994,15.88670641677842,0.02079999999946447
16.161616161616163,-0.08006407690254347,1.3082640027582142,16.092767022838302,0.020799999999483454
16.363636363636363,-0.08006407690254347,1.3082640027588615,16.29882762889825,0.020799999999503882
16.565656565656564,-0.08006407690254347,1.3082640027594359,16.50488823495827,0.020799999999526975
16.767676767676768,-0.08006407690254347,1.3082640027599364,16.710948841018368,0.020799999999551733
16.96969696969697,-0.08006407690254347,1.3082640027603638,16.917009447078534,0.020799999999578267
17.171717171717173,-0.08006407690254347,1.3082640027607226,17.123070053138772,0.02079999999960669
17.373737373737374,-0.08006407690254347,1.3082640027610195,17.329130659199073,0.020799999999635665
17.575757575757574,-0.08006407690254347,1.308264002761264,17.53519126525942,0.0207999999996632
17.77777777777778,-0.08006407690254347,1.3082640027614691,17.741251871319815,0.020799999999687846
17.97979797979798,-0.08006407690254347,1.308264002761644,17.94731247738024,0.02079999999970894
18.181818181818183,-0.08006407690254347,1.3082640027617973,18.153373083440687,0.020799999999724372
18.383838383838384,-0.08006407690254347,1.3082640027619323,18.359433689501156,0.02079999999973625
18.585858585858585,-0.08006407690254347,1.3082640027620465,18.565494295561642,0.020799999999746355
18.78787878787879,-0.08006407690254347,1.3082640027621366,18.771554901622153,0.02079999999975657
18.98989898989899,-0.08006407690254347,1.3082640027622054,18.97761550768269,0.020799999999765895
19.19191919191919,-0.08006407690254347,1.3082640027622545,19.18367611374324,0.02079999999977411
19.393939393939394,-0.08006407690254347,1.3082640027622865,19.389736719803814,0.02079999999977844
19.595959595959595,-0.08006407690254347,1.3082640027623031,19.595797325864403,0.020799999999780217
19.7979797979798,-0.08006407690254347,1.3082640027623091,19.801857931925007,0.020799999999781993
20.0,-0.08006407690254347,1.3082640027623105,20.0,0.020799999999782437
0.0,0.0,1.0,0.0,0.01833432745542396
0.20202020202020202,0.0,1.046431981750191,0.15960456328409633,8.285009600283999e-5
0.40404040404040403,0.0,1.0762054948831983,0.335851131744644,0.00021648030911014526
0.6060606060606061,0.0,1.0997617413742833,0.5182996654359955,0.0003957585371940908
0.8080808080808081,0.0,1.1198632236030792,0.7041875640016209,0.0006200788418440073
1.0101010101010102,0.0,1.1376696507402477,0.8923548978179718,0.0008893514325090113
1.2121212121212122,0.0,1.1537838600650565,1.082198544982278,0.0012037404412182928
1.4141414141414141,0.0,1.1685601410168212,1.2733637870100545,0.001563830183565651
1.6161616161616161,0.0,1.182223192002366,1.46562526371626,0.0019708630789039283
1.8181818181818181,0.0,1.1949223611527824,1.6588327022525078,0.002426858096060247
2.0202020202020203,0.0,1.2067594354615159,1.852883170293104,0.0029345422704375457
2.2222222222222223,0.0,1.2178041898856242,2.0477056280485106,0.0034971133831015466
2.4242424242424243,0.0,1.2281038077053683,2.2432516566121814,0.004117877271079151
2.6262626262626263,0.0,1.2376880500832195,2.439490602774641,0.004799380079092641
2.8282828282828283,0.0,1.246576651628871,2.6364019280496516,0.005544204363248095
3.0303030303030303,0.0,1.2547817224580027,2.8339733046727718,0.006353641469546978
3.2323232323232323,0.0,1.2623103349377622,3.03219830426613,0.007227054619856954
3.4343434343434343,0.0,1.2691671293443494,3.2310740684386188,0.008161107470615936
3.6363636363636362,0.0,1.2753568826779382,3.4305989215675456,0.009146086391624952
3.8383838383838382,0.0,1.280886968857193,3.630770009851111,0.01017047593473197
4.040404040404041,0.0,1.285769656943703,3.83158099880176,0.01122773472247407
4.242424242424242,0.0,1.2900240984690448,4.033019877963427,0.012299717692230705
4.444444444444445,0.0,1.2936777160813513,4.235067106539491,0.013365305374672398
4.646464646464646,0.0,1.296766709436631,4.437694443305518,0.01440184919230092
4.848484848484849,0.0,1.299335526796783,4.640864732098752,0.015387093076055236
5.05050505050505,0.0,1.3014353386329334,4.844532748348156,0.016295708874230597
5.252525252525253,0.0,1.3031217473927585,5.048647004633341,0.017116516117985148
5.454545454545454,0.0,1.3044521040168475,5.253152222821614,0.017841329002492357
5.656565656565657,0.0,1.3054828432058436,5.45799206499588,0.018466182047795376
5.858585858585859,0.0,1.306267179767409,5.663111723720093,0.01899227285537286
6.0606060606060606,0.0,1.3068533845019152,5.868460068404122,0.019425079540380863
6.262626262626263,0.0,1.3072837247828688,6.07399117401321,0.019773194081646905
6.4646464646464645,0.0,1.3075940371444097,6.279665188901264,0.02004708913087183
6.666666666666667,0.0,1.3078138205605467,6.48544860164261,0.020257995414307728
6.8686868686868685,0.0,1.3079667003081021,6.691314036293501,0.02041699906599359
7.070707070707071,0.0,1.3080711177820321,6.897239723913607,0.020534395735776867
7.2727272727272725,0.0,1.3081411238987357,7.103208786811188,0.020619291971671783
7.474747474747475,0.0,1.3081871787455257,7.309208449802472,0.020679423103126537
7.6767676767676765,0.0,1.3082168950372415,7.515229265757088,0.02072113226404415
7.878787878787879,0.0,1.308235690141728,7.7212644068949094,0.020749458526907127
8.080808080808081,0.0,1.3082473354960036,7.92730904903018,0.020768285972441847
8.282828282828282,0.0,1.3082543997190301,8.133359857990888,0.0207805262988493
8.484848484848484,0.0,1.3082585919792997,8.339414582295191,0.020788306322776506
8.686868686868687,0.0,1.3082610245042883,8.545471736531493,0.02079313706268049
8.88888888888889,0.0,1.3082624030716055,8.751530363462622,0.02079606522194799
9.090909090909092,0.0,1.3082631661043465,8.95758986029913,0.02079779635007062
9.292929292929292,0.0,1.3082635772889462,9.163649861026961,0.020798797097496546
9.494949494949495,0.0,1.308263792707188,9.369710145888059,0.02079936162428142
9.696969696969697,0.0,1.3082639022516402,9.575770586496926,0.020799671134920095
9.8989898989899,0.0,1.3082639562286151,9.78183110996781,0.020799835815818013
10.1010101010101,0.0,1.3082639819520283,9.987891676151747,0.02079992070662462
10.303030303030303,0.0,1.3082639937850216,10.193952263626803,0.020799963025279755
10.505050505050505,0.0,1.3082639990285263,10.400012861343239,0.020799983386329712
10.707070707070708,0.0,1.3082640012621836,10.606073463802975,0.020799992821707858
10.909090909090908,0.0,1.308264002175107,10.812134068373075,0.020799997023804306
11.11111111111111,0.0,1.308264002532546,11.018194673843011,0.020799998818337606
11.313131313131313,0.0,1.3082640026665708,11.224255279679777,0.020799999551556536
11.515151515151516,0.0,1.30826400271487,11.430315885659176,0.02079999983753389
11.717171717171718,0.0,1.3082640027318595,11.63637649169134,0.02079999994376669
11.919191919191919,0.0,1.3082640027379924,11.842437097742028,0.020799999981271577
12.121212121212121,0.0,1.3082640027405592,12.048497703798882,0.02079999999383575
12.323232323232324,0.0,1.3082640027420207,12.254558309857668,0.020799999997829
12.525252525252526,0.0,1.3082640027431607,12.460618915917026,0.020799999999038143
12.727272727272727,0.0,1.308264002744213,12.66667952197654,0.020799999999395635
12.929292929292929,0.0,1.308264002745242,12.8727401280361,0.020799999999505436
13.131313131313131,0.0,1.308264002746263,13.078800734095672,0.02079999999954696
13.333333333333334,0.0,1.3082640027472772,13.284861340155254,0.02079999999957083
13.535353535353535,0.0,1.3082640027482806,13.490921946214844,0.02079999999959037
13.737373737373737,0.0,1.3082640027492696,13.69698255227445,0.020799999999608465
13.93939393939394,0.0,1.3082640027502404,13.903043158334075,0.02079999999962523
14.141414141414142,0.0,1.3082640027511863,14.109103764393726,0.020799999999641328
14.343434343434344,0.0,1.3082640027521024,14.315164370453406,0.02079999999965676
14.545454545454545,0.0,1.3082640027529822,14.521224976513123,0.020799999999670638
14.747474747474747,0.0,1.3082640027538193,14.727285582572884,0.02079999999968407
14.94949494949495,0.0,1.308264002754607,14.933346188632695,0.020799999999697394
15.151515151515152,0.0,1.3082640027553392,15.13940679469256,0.02079999999971105
15.353535353535353,0.0,1.3082640027560095,15.34546740075249,0.020799999999724594
15.555555555555555,0.0,1.3082640027566144,15.551528006812486,0.020799999999738028
15.757575757575758,0.0,1.3082640027571504,15.757588612872551,0.020799999999751795
15.95959595959596,0.0,1.3082640027576162,15.963649218932686,0.020799999999767227
16.161616161616163,0.0,1.3082640027580146,16.16970982499289,0.020799999999783214
16.363636363636363,0.0,1.308264002758348,16.37577043105315,0.020799999999801755
16.565656565656564,0.0,1.3082640027586228,16.581831037113474,0.02079999999982085
16.767676767676768,0.0,1.3082640027588475,16.78789164317385,0.020799999999840613
16.96969696969697,0.0,1.3082640027590324,16.993952249234262,0.02079999999986004
17.171717171717173,0.0,1.3082640027591879,17.20001285529471,0.020799999999878027
17.373737373737374,0.0,1.3082640027593238,17.406073461355174,0.020799999999893903
17.575757575757574,0.0,1.308264002759449,17.612134067415646,0.020799999999904784
17.77777777777778,0.0,1.3082640027595671,17.818194673476135,0.020799999999910446
17.97979797979798,0.0,1.3082640027596766,18.024255279536632,0.020799999999912888
18.181818181818183,0.0,1.3082640027597745,18.23031588559714,0.020799999999914998
18.383838383838384,0.0,1.30826400275986,18.436376491657658,0.020799999999919994
18.585858585858585,0.0,1.3082640027599357,18.642437097718183,0.02079999999992721
18.78787878787879,0.0,1.3082640027600059,18.84849770377872,0.02079999999993265
18.98989898989899,0.0,1.3082640027600698,19.054558309839262,0.020799999999929986
19.19191919191919,0.0,1.30826400276012,19.260618915899816,0.020799999999921104
19.393939393939394,0.0,1.3082640027601509,19.466679521960398,0.020799999999911556
19.595959595959595,0.0,1.3082640027601635,19.672740128020994,0.020799999999907226
19.7979797979798,0.0,1.3082640027601664,19.878800734081597,0.020799999999908114
20.0,0.0,1.3082640027601669,20.0,0.020799999999909113
0.0,0.08006407690254347,1.0833564835681377,0.0,0.010168226379594913
0.20202020202020202,0.08006407690254347,1.120658909139554,0.1686260395523953,0.000425530483887937
0.40404040404040403,0.08006407690254347,1.1451228281294656,0.3500815002900797,0.0008630872680787105
0.6060606060606061,0.08006407690254347,1.164636408030511,0.5364664704188549,0.001356054128910933
0.8080808080808081,0.08006407690254347,1.18128354649374,0.725696971405074,0.001905260210098625
1.0101010101010102,0.08006407690254347,1.1959444176101712,0.9168932634495555,0.0025094389863380417
1.2121212121212122,0.08006407690254347,1.209079144836395,1.1095955573391514,0.0031675835890726534
1.4141414141414141,0.08006407690254347,1.220958777913385,1.3035329458701765,0.003879237031345739
1.6161616161616161,0.08006407690254347,1.231755048879799,1.4985337549138142,0.004644330179964795
1.8181818181818181,0.08006407690254347,1.2415821444067547,1.6944840400236851,0.005462579427805703
2.0202020202020203,0.08006407690254347,1.250519002246481,1.891305599680831,0.006332690688891196
2.2222222222222223,0.08006407690254347,1.258622559408697,2.088942975490376,0.007251647925088922
2.4242424242424243,0.08006407690254347,1.2659362511328858,2.2873551145375974,0.008214194543003761
2.6262626262626263,0.08006407690254347,1.2724958778781192,2.486509570648237,0.009212530675093644
2.8282828282828283,0.08006407690254347,1.2783339858680636,2.686378061613409,0.010236346155229836
3.0303030303030303,0.08006407690254347,1.283483006895703,2.886933198911639,0.011273046267018971
3.2323232323232323,0.08006407690254347,1.2879774700975561,3.088146088303577,0.012308106409082975
3.4343434343434343,0.08006407690254347,1.2918554406498277,3.2899845984149563,0.013325689445179645
3.6363636363636362,0.08006407690254347,1.2951592507717566,3.4924122642841944,0.014309502623607973
3.8383838383838382,0.08006407690254347,1.2979355187716601,3.6953878732907093,0.01524382232069399
4.040404040404041,0.08006407690254347,1.3002345606643062,3.89886568942573,0.016114518175867287
4.242424242424242,0.08006407690254347,1.302109294923175,4.1027962376419245,0.016910001348104053
4.444444444444445,0.08006407690254347,1.303613752456037,4.307127581949206,0.017621995814707136
4.646464646464646,0.08006407690254347,1.3048014012692015,4.511806927783526,0.01824599906491009
4.848484848484849,0.08006407690254347,1.3057234573240861,4.7167823817001,0.018781374194314138
5.05050505050505,0.08006407690254347,1.3064274161620881,4.9220046255087215,0.019231036863785134
5.252525252525253,0.08006407690254347,1.306955944967696,5.127428314402557,0.019600830723224827
5.454545454545454,0.08006407690254347,1.3073462117971784,5.3330130756192675,0.019898701529996177
5.656565656565657,0.08006407690254347,1.3076296667955791,5.538724038813566,0.02013381658144231
5.858585858585859,0.08006407690254347,1.3078321936040003,5.744531946138433,0.02031575399117047
6.0606060606060606,0.08006407690254347,1.3079745529658164,5.95041290064672,0.02045383858320582
6.262626262626263,0.08006407690254347,1.3080729972641845,6.156347872146919,0.020556667758917402
6.4646464646464645,0.08006407690254347,1.3081399631049218,6.362322060094262,0.020631822354997387
6.666666666666667,0.08006407690254347,1.30818476467066,6.568324207607268,0.020685741606819463
6.8686868686868685,0.08006407690254347,1.3082142341640242,6.774345935256212,0.02072371793602057
7.070707070707071,0.08006407690254347,1.3082332852698044,6.980381130227916,0.02074997358134356
7.2727272727272725,0.08006407690254347,1.3082453836870802,7.186425421091627,0.02076778776990973
7.474747474747475,0.08006407690254347,1.3082529269571874,7.39247574264894,0.02077964561112955
7.6767676767676765,0.08006407690254347,1.3082575415673834,7.598529987682811,0.020787386086111193
7.878787878787879,0.08006407690254347,1.3082603093467997,7.804586736246575,0.02079233863672969
8.080808080808081,0.08006407690254347,1.3082619357787932,8.01064505039558,0.020795442513398377
8.282828282828282,0.08006407690254347,1.3082628713509745,8.216704323382285,0.020797346748802514
8.484848484848484,0.08006407690254347,1.3082633977336164,8.422764171004387,0.02079848949668439
8.686868686868687,0.08006407690254347,1.3082636870597315,8.628824355450304,0.020799159827844305
8.88888888888889,0.08006407690254347,1.3082638422898003,8.834884732631316,0.020799543762442307
9.090909090909092,0.08006407690254347,1.3082639234335902,9.040945217597887,0.020799758490177678
9.292929292929292,0.08006407690254347,1.3082639646823133,9.247005761345788,0.02079987564054475
9.494949494949495,0.08006407690254347,1.3082639850396212,9.453066336271485,0.02079993782371814
9.696969696969697,0.08006407690254347,1.30826399477509,9.659126927254972,0.020799969869720214
9.8989898989899,0.08006407690254347,1.3082639992788314,9.865187526252766,0.020799985874841886
10.1010101010101,0.08006407690254347,1.3082640012893254,10.071248129120226,0.02079999360729068
10.303030303030303,0.08006407690254347,1.308264002154081,10.27730873379021,0.02079999721297543
10.505050505050505,0.08006407690254347,1.3082640025118346,10.483369339268622,0.020799998832217614
10.707070707070708,0.08006407690254347,1.3082640026538734,10.689429945095469,0.0207999995309055
10.909090909090908,0.08006407690254347,1.3082640027083845,10.895490551065823,0.02079999981973235
11.11111111111111,0.08006407690254347,1.3082640027285868,11.101551157093148,0.02079999993390924
11.313131313131313,0.08006407690254347,1.308264002736304,11.3076117631413,0.02079999997666071
11.515151515151516,0.08006407690254347,1.308264002739524,11.513672369197048,0.02079999999193205
11.717171717171718,0.08006407690254347,1.3082640027412025,11.719732975255432,0.02079999999727422
11.919191919191919,0.08006407690254347,1.3082640027423793,11.92579358131468,0.02079999999906057
12.121212121212121,0.08006407690254347,1.3082640027433996,12.131854187374207,0.02079999999963844
12.323232323232324,0.08006407690254347,1.3082640027443697,12.337914793433818,0.02079999999982629
12.525252525252526,0.08006407690254347,1.3082640027453207,12.543975399493458,0.020799999999893903
12.727272727272727,0.08006407690254347,1.3082640027462566,12.750036005553113,0.0207999999999261
12.929292929292929,0.08006407690254347,1.3082640027471766,12.95609661161279,0.020799999999947638
13.131313131313131,0.08006407690254347,1.3082640027480754,13.162157217672487,0.020799999999966068
13.333333333333334,0.08006407690254347,1.3082640027489494,13.368217823732211,0.02079999999998139
13.535353535353535,0.08006407690254347,1.3082640027497918,13.574278429791963,0.0207999999999946
13.737373737373737,0.08006407690254347,1.3082640027505974,13.780339035851759,0.02080000000000637
13.93939393939394,0.08006407690254347,1.3082640027513608,13.986399641911595,0.02080000000001625
14.141414141414142,0.08006407690254347,1.3082640027520758,14.192460247971482,0.020800000000025465
14.343434343434344,0.08006407690254347,1.3082640027527377,14.39852085403142,0.020800000000033347
14.545454545454545,0.08006407690254347,1.3082640027533419,14.604581460091415,0.020800000000040564
14.747474747474747,0.08006407690254347,1.3082640027538843,14.810642066151477,0.02080000000004789
14.94949494949495,0.08006407690254347,1.3082640027543644,15.016702672211599,0.020800000000055996
15.151515151515152,0.08006407690254347,1.3082640027547818,15.222763278271781,0.020800000000064656
15.353535353535353,0.08006407690254347,1.308264002755138,15.428823884332028,0.020800000000074093
15.555555555555555,0.08006407690254347,1.3082640027554362,15.634884490392333,0.020800000000086083
15.757575757575758,0.08006407690254347,1.3082640027556827,15.840945096452689,0.02080000000009785
15.95959595959596,0.08006407690254347,1.3082640027558827,16.04700570251309,0.020800000000110952
16.161616161616163,0.08006407690254347,1.3082640027560446,16.25306630857353,0.020800000000125496
16.363636363636363,0.08006407690254347,1.3082640027561772,16.459126914634,0.020800000000140928
16.565656565656564,0.08006407690254347,1.3082640027562886,16.665187520694484,0.02080000000015514
16.767676767676768,0.08006407690254347,1.3082640027563865,16.871248126754992,0.02080000000016846
16.96969696969697,0.08006407690254347,1.3082640027564771,17.0773087328155,0.0208000000001779
17.171717171717173,0.08006407690254347,1.3082640027565628,17.283369338876017,0.020800000000185004
17.373737373737374,0.08006407690254347,1.3082640027566446,17.489429944936543,0.020800000000188
17.575757575757574,0.08006407690254347,1.3082640027567203,17.695490550997068,0.02080000000018878
17.77777777777778,0.08006407690254347,1.3082640027567876,17.901551157057607,0.020800000000192997
17.97979797979798,0.08006407690254347,1.3082640027568497,18.10761176311815,0.02080000000020299
18.181818181818183,0.08006407690254347,1.3082640027569146,18.313672369178686,0.020800000000219754
18.383838383838384,0.08006407690254347,1.3082640027569923,18.519732975239208,0.020800000000237184
18.585858585858585,0.08006407690254347,1.3082640027570884,18.725793581299712,0.020800000000237517
18.78787878787879,0.08006407690254347,1.3082640027571912,18.93185418736022,0.020800000000213648
18.98989898989899,0.08006407690254347,1.3082640027572796,19.13791479342075,0.02080000000017479
19.19191919191919,0.08006407690254347,1.3082640027573373,19.343975399481312,0.020800000000137597
19.393939393939394,0.08006407690254347,1.3082640027573644,19.550036005541905,0.020800000000115948
19.595959595959595,0.08006407690254347,1.3082640027573733,19.756096611602505,0.02080000000014648
19.7979797979798,0.08006407690254347,1.308264002757375,19.962157217663112,0.02080000000019322
20.0,0.08006407690254347,1.3082640027573755,20.0,0.020800000000199548
0.0,0.16012815380508694,1.1715501120731957,0.001597885211884087,0.0015951239202087741
0.20202020202020202,0.16012815380508694,1.1936703632971182,0.18533276182165737,0.0021853434240877156
0.40404040404040403,0.16012815380508694,1.2105316190402218,0.3742065709090783,0.0031420063406357723
0.6060606060606061,0.16012815380508694,1.2244199063345276,0.5660422232812139,0.0041309627139402005
0.8080808080808081,0.16012815380508694,1.2362902217899618,0.7598886965013849,0.0051357391524023965
1.0101010101010102,0.16012815380508694,1.2466213212390151,0.955266578128273,0.0061591171005978
1.2121212121212122,0.16012815380508694,1.25569024245477,1.1518995043270543,0.007200893231775751
1.4141414141414141,0.16012815380508694,1.2636750616533277,1.349611249475966,0.008257499967637472
1.6161616161616161,0.16012815380508694,1.2707003645076855,1.5482799784575603,0.009322774216923069
1.8181818181818181,0.16012815380508694,1.2768606318358813,1.7478147807367268,0.010388178219558286
2.0202020202020203,0.16012815380508694,1.2822332522867863,1.9481424353718815,0.011443265018707405
2.2222222222222223,0.16012815380508694,1.286886056298542,2.1491995883467974,0.012476352571480942
2.4242424242424243,0.16012815380508694,1.2908817150673677,2.350928056574191,0.013475266512171014
2.6262626262626263,0.16012815380508694,1.2942802939694733,2.5532720072654325,0.01442804773252726
2.8282828282828283,0.16012815380508694,1.2971403198633065,2.7561765624805954,0.015323848531518913
3.0303030303030303,0.16012815380508694,1.2995194114301216,2.959587069856228,0.01615332470762909
3.2323232323232323,0.16012815380508694,1.3014738858613373,3.163449236446721,0.01690937419053129
3.4343434343434343,0.16012815380508694,1.3030584583510243,3.367709471259654,0.017587215916084697
3.6363636363636362,0.16012815380508694,1.304325446353586,3.572315602819981,0.01818468703994347
3.8383838383838382,0.16012815380508694,1.3053239152851117,3.777217802902987,0.018702227571174013
4.040404040404041,0.16012815380508694,1.3060991805763504,3.9823692634719103,0.01914251518332566
4.242424242424242,0.16012815380508694,1.306691966975038,4.1877271015390996,0.019510360058134446
4.444444444444445,0.16012815380508694,1.3071382930128248,4.393252761667795,0.019812013988225963
4.646464646464646,0.16012815380508694,1.3074691651581696,4.59891244028803,0.020054834586553993
4.848484848484849,0.16012815380508694,1.307710615062281,4.804677251933965,0.02024672872268174
5.05050505050505,0.16012815380508694,1.3078841433189576,5.010522970035412,0.020395577148221156
5.252525252525253,0.16012815380508694,1.3080069026498475,5.216429904452444,0.0205089906809367
5.454545454545454,0.16012815380508694,1.3080924502986915,5.422382282946092,0.02059385094624011
5.656565656565657,0.16012815380508694,1.3081511672416455,5.62836782543119,0.0206562426801723
5.858585858585859,0.16012815380508694,1.308190836297866,5.8343771838813625,0.020701334392410398
6.0606060606060606,0.16012815380508694,1.3082172598981543,6.0404033117873475,0.020733353247133213
6.262626262626263,0.16012815380508694,1.3082345601940601,6.24644110745317,0.020755717589048817
6.4646464646464645,0.16012815380508694,1.3082457313303408,6.4524868629517105,0.020771063219948593
6.666666666666667,0.16012815380508694,1.3082528273463914,6.658537960087333,0.020781414733941683
6.8686868686868685,0.16012815380508694,1.3082572802800694,6.864592538667903,0.02078820549088667
7.070707070707071,0.16012815380508694,1.3082600281280055,7.0706493875571255,0.020792625488303407
7.2727272727272725,0.16012815380508694,1.3082616945878098,7.276707691882944,0.020795470432506735
7.474747474747475,0.16012815380508694,1.3082626871832377,7.48276691296418,0.020797268616297937
7.6767676767676765,0.16012815380508694,1.3082632674103196,7.688826701113402,0.02079838408629464
7.878787878787879,0.16012815380508694,1.308263600014683,7.894886833476519,0.020799062751609365
8.080808080808081,0.16012815380508694,1.3082637868349472,8.100947170694159,0.02079946745160799
8.282828282828282,0.16012815380508694,1.3082638895566987,8.307007627375013,0.02079970381267604
8.484848484848484,0.16012815380508694,1.3082639447928956,8.513068152249843,0.020799838910301904
8.686868686868687,0.16012815380508694,1.3082639738028208,8.71912871520577,0.020799914410696174
8.88888888888889,0.16012815380508694,1.3082639886664937,8.925189298933931,0.020799955630330325
9.090909090909092,0.16012815380508694,1.308263996082498,9.131249893726022,0.02079997759596286
9.292929292929292,0.16012815380508694,1.3082639996807566,9.337310494256897,0.020799988999428365
9.494949494949495,0.16012815380508694,1.3082640013758433,9.543371097682751,0.020799994755891116
9.696969696969697,0.16012815380508694,1.3082640021499539,9.74943170252643,0.020799997576897322
9.8989898989899,0.16012815380508694,1.308264002492285,9.955492308042942,0.020799998916712248
10.1010101010101,0.16012815380508694,1.3082640026387187,10.16155291386841,0.020799999532277624
10.303030303030303,0.16012815380508694,1.3082640026994365,10.367613519830734,0.02079999980536218
10.505050505050505,0.16012815380508694,1.3082640027239834,10.573674125851499,0.02079999992211301
10.707070707070708,0.16012815380508694,1.308264002733855,10.779734731896259,0.020799999970123495
10.909090909090908,0.16012815380508694,1.3082640027380175,10.985795337950448,0.020799999989089768
11.11111111111111,0.16012815380508694,1.3082640027400418,11.19185594400821,0.02079999999627513
11.313131313131313,0.16012815380508694,1.3082640027412968,11.39791655006727,0.020799999998908802
11.515151515151516,0.16012815380508694,1.3082640027422845,11.603977156126787,0.020799999999840058
11.717171717171718,0.16012815380508694,1.3082640027431776,11.810037762186461,0.020800000000163577
11.919191919191919,0.16012815380508694,1.3082640027440307,12.01609836824619,0.02080000000028137
12.121212121212121,0.16012815380508694,1.3082640027448589,12.222158974305955,0.020800000000329555
12.323232323232324,0.16012815380508694,1.3082640027456627,12.428219580365749,0.020800000000355978
12.525252525252526,0.16012815380508694,1.3082640027464387,12.63428018642557,0.020800000000374963
12.727272727272727,0.16012815380508694,1.308264002747183,12.84034079248542,0.020800000000389618
12.929292929292929,0.16012815380508694,1.3082640027478907,13.046401398545314,0.020800000000401164
13.131313131313131,0.16012815380508694,1.3082640027485564,13.252462004605247,0.020800000000411045
13.333333333333334,0.16012815380508694,1.3082640027491763,13.458522610665229,0.020800000000419705
13.535353535353535,0.16012815380508694,1.308264002749747,13.664583216725259,0.020800000000426033
13.737373737373737,0.16012815380508694,1.3082640027502652,13.870643822785343,0.020800000000432584
13.93939393939394,0.16012815380508694,1.3082640027507297,14.076704428845483,0.02080000000043647
14.141414141414142,0.16012815380508694,1.3082640027511387,14.282765034905678,0.020800000000441243
14.343434343434344,0.16012815380508694,1.308264002751494,14.488825640965924,0.020800000000445906
14.545454545454545,0.16012815380508694,1.3082640027517969,14.694886247026227,0.020800000000451124
14.747474747474747,0.16012815380508694,1.308264002752051,14.900946853086573,0.02080000000045712
14.94949494949495,0.16012815380508694,1.3082640027522603,15.107007459146972,0.020800000000464447
15.151515151515152,0.16012815380508694,1.3082640027524308,15.313068065207403,0.02080000000047233
15.353535353535353,0.16012815380508694,1.3082640027525683,15.519128671267865,0.02080000000048121
15.555555555555555,0.16012815380508694,1.3082640027526788,15.725189277328361,0.02080000000049087
15.757575757575758,0.16012815380508694,1.3082640027527688,15.931249883388872,0.020800000000500307
15.95959595959596,0.16012815380508694,1.3082640027528436,16.137310489449405,0.02080000000051041
16.161616161616163,0.16012815380508694,1.3082640027529087,16.34337109550994,0.020800000000520402
16.363636363636363,0.16012815380508694,1.3082640027529675,16.54943170157048,0.020800000000528285
16.565656565656564,0.16012815380508694,1.3082640027530223,16.755492307631027,0.020800000000534835
16.767676767676768,0.16012815380508694,1.308264002753074,16.961552913691584,0.020800000000538943
16.96969696969697,0.16012815380508694,1.308264002753122,17.167613519752138,0.02080000000054294
17.171717171717173,0.16012815380508694,1.3082640027531662,17.373674125812702,0.020800000000546714
17.373737373737374,0.16012815380508694,1.3082640027532069,17.579734731873266,0.020800000000552044
17.575757575757574,0.16012815380508694,1.3082640027532455,17.785795337933827,0.02080000000056248
17.77777777777778,0.16012815380508694,1.3082640027532866,17.99185594399439,0.020800000000577246
17.97979797979798,0.16012815380508694,1.3082640027533343,18.19791655005494,0.020800000000592567
18.181818181818183,0.16012815380508694,1.3082640027533905,18.403977156115488,0.020800000000602226
18.383838383838384,0.16012815380508694,1.3082640027534516,18.61003776217603,0.02080000000060156
18.585858585858585,0.16012815380508694,1.3082640027535093,18.816098368236577,0.020800000000588348
18.78787878787879,0.16012815380508694,1.308264002753554,19.02215897429715,0.020800000000569807
18.98989898989899,0.16012815380508694,1.3082640027535817,19.22821958035773,0.020800000000553154
19.19191919191919,0.16012815380508694,1.308264002753595,19.434280186418327,0.020800000000542607
19.393939393939394,0.16012815380508694,1.3082640027535994,19.640340792478934,0.020800000000694596
19.595959595959595,0.16012815380508694,1.3082640027536003,19.846401398539538,0.020800000001322205
19.7979797979798,0.16012815380508694,1.3082640027541004,20.0,0.020800000001021002
20.0,0.16012815380508694,1.3082640027546004,20.0,0.0208000000002726
0.0,0.2401922307076304,1.2380523464266462,0.03154049025007244,0.005672955719455142
0.20202020202020202,0.2401922307076304,1.2510212233619638,0.224174344861372,0.006994940576175446
0.40404040404040403,0.2401922307076304,1.2609610257676853,0.41984917045176373,0.008298722885767718
0.6060606060606061,0.2401922307076304,1.2690933198912604,0.6173568726096974,0.009531084670291401
0.8080808080808081,0.2401922307076304,1.275897692384349,0.8162140490735001,0.010703416221994555
1.0101010101010102,0.2401922307076304,1.2816397479334447,1.0161544132060178,0.01181893929680189
1.2121212121212122,0.2401922307076304,1.2864941981025233,1.217004197337277,0.01287575836499888
1.4141414141414141,0.2401922307076304,1.2905896905651686,1.41863631358597,0.013869749425153843
1.6161616161616161,0.2401922307076304,1.2940288223087162,1.6209497992351014,0.014796151581328965
1.8181818181818181,0.2401922307076304,1.2968982791611698,1.8238593534163587,0.015650531016413893
2.0202020202020203,0.2401922307076304,1.2992738663014805,2.027290074541424,0.01642950883910299
2.2222222222222223,0.2401922307076304,1.3012232421713747,2.231174624851784,0.017131146799070796
2.4242424242424243,0.2401922307076304,1.3028073435735217,2.435451780327548,0.01775511892583248
2.6262626262626263,0.2401922307076304,1.3040811119290603,2.6400657306097273,0.018302732861973814
2.8282828282828283,0.2401922307076304,1.3050938484273882,2.8449657965923283,0.01877681415722743
3.0303030303030303,0.2401922307076304,1.3058895439742835,3.050106197744027,0.019181492740368067
3.2323232323232323,0.2401922307076304,1.3065069400253313,3.2554460926218427,0.019521968821283764
3.4343434343434343,0.2401922307076304,1.3069798478066386,3.4609493820539723,0.01980419090941754
3.6363636363636362,0.2401922307076304,1.307337261867855,3.6665846917086706,0.020034596502412683
3.8383838383838382,0.2401922307076304,1.3076037078663854,3.8723251339668296,0.02021979361724946
4.040404040404041,0.2401922307076304,1.3077995965384694,4.078148031431336,0.020366315773867716
4.242424242424242,0.2401922307076304,1.3079415839777644,4.284034625045319,0.020480399560124263
4.444444444444445,0.2401922307076304,1.3080430669629526,4.489969626907791,0.02056780330196173
4.646464646464646,0.2401922307076304,1.3081145753461838,4.695940853269885,0.02063369751330335
4.848484848484849,0.2401922307076304,1.3081642552580524,4.901938754521108,0.02068258202650719
5.05050505050505,0.2401922307076304,1.3081982918808581,5.107955983822548,0.02071827440885754
5.252525252525253,0.2401922307076304,1.3082212826599233,5.313987008470746,0.020743925690844933
5.454545454545454,0.2401922307076304,1.3082366013171316,5.520027718281158,0.020762074653228546
5.656565656565657,0.2401922307076304,1.3082466647218793,5.726075131684441,0.020774717370297235
5.858585858585859,0.2401922307076304,1.3082531835692426,5.932127113070171,0.020783388788519486
6.0606060606060606,0.2401922307076304,1.3082573476079853,6.138182160196971,0.020789245209794083
6.262626262626263,0.2401922307076304,1.308259968753078,6.344239235638222,0.02079313801084015
6.4646464646464645,0.2401922307076304,1.30826159556374,6.550297629514595,0.02079568617010652
6.666666666666667,0.2401922307076304,1.3082625895032889,6.756356871047746,0.020797329323501756
6.8686868686868685,0.2401922307076304,1.3082631869689538,6.962416648989307,0.020798373947547688
7.070707070707071,0.2401922307076304,1.3082635400887201,7.168476760870294,0.020799026930209186
7.2727272727272725,0.2401922307076304,1.3082637451494334,7.374537077156445,0.0207994280410434
7.474747474747475,0.2401922307076304,1.308263862061151,7.580597516381409,0.020799670020755223
7.6767676767676765,0.2401922307076304,1.308263927446535,7.7866580282078175,0.02079981328634728
7.878787878787879,0.2401922307076304,1.3082639632866666,7.992718582095402,0.02079989646853997
8.080808080808081,0.2401922307076304,1.3082639825220077,8.198779159869105,0.020799943794664433
8.282828282828282,0.2401922307076304,1.3082639926191484,8.404839750927083,0.020799970156738068
8.484848484848484,0.2401922307076304,1.3082639977968122,8.61090034921328,0.02079998451951226
8.686868686868687,0.2401922307076304,1.3082640003870019,8.816960951342887,0.020799992165228764
8.88888888888889,0.2401922307076304,1.3082640016492744,9.023021555467011,0.02079999613726602
9.090909090909092,0.2401922307076304,1.3082640022476988,9.229082160599614,0.020799998147904453
9.292929292929292,0.2401922307076304,1.3082640025233627,9.435142766228187,0.020799999137867564
9.494949494949495,0.2401922307076304,1.3082640026466619,9.64120337209362,0.02079999961115564
9.696969696969697,0.2401922307076304,1.308264002700274,9.847263978068668,0.02079999983048164
9.8989898989899,0.2401922307076304,1.3082640027230432,10.053324584092799,0.020799999928821866
10.1010101010101,0.2401922307076304,1.3082640027326438,10.259385190138136,0.020799999971405914
10.303030303030303,0.2401922307076304,1.3082640027368235,10.465445796192306,0.02079999998918436
10.505050505050505,0.2401922307076304,1.3082640027388526,10.671506402250014,0.020799999996332308
10.707070707070708,0.2401922307076304,1.3082640027400598,10.877567008309088,0.02079999999910298
10.909090909090908,0.2401922307076304,1.3082640027409589,11.083627614368671,0.020800000000138597
11.11111111111111,0.2401922307076304,1.3082640027417378,11.28968822042845,0.02080000000052229
11.313131313131313,0.2401922307076304,1.308264002742463,11.495748826488308,0.020800000000667063
11.515151515151516,0.2401922307076304,1.3082640027431531,11.701809432548211,0.020800000000727237
11.717171717171718,0.2401922307076304,1.3082640027438117,11.907870038608149,0.02080000000075788
11.919191919191919,0.2401922307076304,1.3082640027444374,12.113930644668118,0.020800000000778196
12.121212121212121,0.2401922307076304,1.3082640027450272,12.319991250728128,0.020800000000793073
12.323232323232324,0.2401922307076304,1.3082640027455787,12.526051856788177,0.020800000000804175
12.525252525252526,0.2401922307076304,1.308264002746089,12.732112462848269,0.02080000000081328
12.727272727272727,0.2401922307076304,1.3082640027465562,12.9381730689084,0.020800000000820273
12.929292929292929,0.2401922307076304,1.3082640027469787,13.144233674968582,0.020800000000824714
13.131313131313131,0.2401922307076304,1.308264002747356,13.350294281028809,0.020800000000829932
13.333333333333334,0.2401922307076304,1.3082640027476893,13.55635488708908,0.020800000000832708
13.535353535353535,0.2401922307076304,1.3082640027479793,13.762415493149392,0.02080000000083493
13.737373737373737,0.2401922307076304,1.3082640027482282,13.968476099209749,0.02080000000083637
13.93939393939394,0.2401922307076304,1.3082640027484382,14.174536705270144,0.02080000000083848
14.141414141414142,0.2401922307076304,1.3082640027486132,14.380597311330575,0.02080000000084048
14.343434343434344,0.2401922307076304,1.308264002748757,14.586657917391037,0.02080000000084281
14.545454545454545,0.2401922307076304,1.3082640027488739,14.792718523451523,0.020800000000845698
14.747474747474747,0.2401922307076304,1.3082640027489685,14.998779129512036,0.020800000000848584
14.94949494949495,0.2401922307076304,1.3082640027490444,15.204839735572564,0.020800000000852803
15.151515151515152,0.2401922307076304,1.3082640027491057,15.410900341633106,0.020800000000857244
15.353535353535353,0.2401922307076304,1.3082640027491568,15.61696094769366,0.020800000000861463
15.555555555555555,0.2401922307076304,1.3082640027491999,15.823021553754222,0.02080000000086657
15.757575757575758,0.2401922307076304,1.3082640027492372,16.02908215981479,0.02080000000087101
15.95959595959596,0.2401922307076304,1.308264002749271,16.235142765875363,0.02080000000087512
16.161616161616163,0.2401922307076304,1.3082640027493015,16.441203371935938,0.020800000000877672
16.363636363636363,0.2401922307076304,1.3082640027493293,16.647263977996513,0.020800000000881447
16.565656565656564,0.2401922307076304,1.3082640027493544,16.853324584057088,0.020800000000885
16.767676767676768,0.2401922307076304,1.3082640027493775,17.059385190117673,0.020800000000888552
16.96969696969697,0.2401922307076304,1.3082640027493986,17.265445796178255,0.020800000000894325
17.171717171717173,0.2401922307076304,1.308264002749419,17.47150640223884,0.020800000000902652
17.373737373737374,0.2401922307076304,1.3082640027494403,17.677567008299423,0.020800000000911867
17.575757575757574,0.2401922307076304,1.3082640027494636,17.883627614359998,0.02080000000092086
17.77777777777778,0.2401922307076304,1.308264002749489,18.089688220420577,0.02080000000092852
17.97979797979798,0.2401922307076304,1.3082640027495156,18.295748826481155,0.020800000000931185
18.181818181818183,0.2401922307076304,1.3082640027495405,18.501809432541737,0.020800000000929852
18.383838383838384,0.2401922307076304,1.308264002749561,18.707870038602323,0.02080000000092541
18.585858585858585,0.2401922307076304,1.3082640027495755,18.913930644662916,0.020800000000919194
18.78787878787879,0.2401922307076304,1.3082640027495835,19.119991250723515,0.020800000000915086
18.98989898989899,0.2401922307076304,1.3082640027495875,19.32605185678412,0.02080000000091231
19.19191919191919,0.2401922307076304,1.3082640027495889,19.532112462844722,0.0208000000009112
19.393939393939394,0.2401922307076304,1.3082640027495889,19.73817306890533,0.02080000000099269
19.595959595959595,0.2401922307076304,1.3082640027495893,19.944233674965936,0.02080000000110438
19.7979797979798,0.2401922307076304,1.3082640027495893,20.0,0.020800000001130803
20.0,0.2401922307076304,1.3082640027495893,20.0,0.020800000001130803
0.0,0.3202563076101739,1.2801149482147638,0.09335925596010686,0.01187134787444355
0.20202020202020202,0.3202563076101739,1.2858925071183238,0.29322856974355216,0.013100152380684515
0.40404040404040403,0.3202563076101739,1.2903925740464348,0.4944306143468944,0.014174114217004985
0.6060606060606061,0.3202563076101739,1.294009122172135,0.6965591348483369,0.01512599561937733
0.8080808080808081,0.3202563076101739,1.2969423076246733,0.8994078884951784,0.01597316491236833
1.0101010101010102,0.3202563076101739,1.2993247554751821,1.1028407251445715,0.016725322818517574
1.2121212121212122,0.3202563076101739,1.3012551087993378,1.306756410762505,0.017389254892081984
1.4141414141414141,0.3202563076101739,1.3028115702381362,1.5110744601215131,0.017970758045323665
1.6161616161616161,0.3202563076101739,1.3040584570599498,1.715728328063309,0.018475459950476947
1.8181818181818181,0.3202563076101739,1.305049714335723,1.9206618008553418,0.01890916046942759
2.0202020202020203,0.3202563076101739,1.305830989169415,2.125826912461825,0.019277908688807965
2.2222222222222223,0.3202563076101739,1.3064409935119723,2.3311826110365086,0.019587948891521934
2.4242424242424243,0.3202563076101739,1.3069124783633752,2.536693829149849,0.0198456070122891
2.6262626262626263,0.3202563076101739,1.3072729983216336,2.7423307663655674,0.02005715608897518
2.8282828282828283,0.3202563076101739,1.307545566045277,2.948068278467667,0.02022868068144812
3.0303030303030303,0.3202563076101739,1.3077492128167425,3.153885350682915,0.020365962849574593
3.2323232323232323,0.3202563076101739,1.3078995126350317,3.359764602473211,0.02047437836380539
3.4343434343434343,0.3202563076101739,1.3080090468566183,3.5656918375181155,0.02055883028876271
3.6363636363636362,0.3202563076101739,1.3080878457788114,3.77165561217766,0.02062369668654751
3.8383838383838382,0.3202563076101739,1.308143794001329,3.977646828982722,0.020672810311986867
4.040404040404041,0.3202563076101739,1.3081829919874512,4.18365836690783,0.020709460895683707
4.242424242424242,0.3202563076101739,1.3082100913862789,4.389684734291829,0.020736411855404424
4.444444444444445,0.3202563076101739,1.3082285766573136,4.595721768447078,0.020755940657951832
4.646464646464646,0.3202563076101739,1.3082410177170591,4.801766363460581,0.020769884226318425
4.848484848484849,0.3202563076101739,1.3082492801790901,5.007816238984813,0.020779693992430404
5.05050505050505,0.3202563076101739,1.3082546936238928,5.213869750743331,0.020786495285758932
5.252525252525253,0.3202563076101739,1.3082581936129052,5.419925728777742,0.02079114241355351
5.454545454545454,0.3202563076101739,1.3082604259686934,5.625983356759836,0.020794271364261263
5.656565656565657,0.3202563076101739,1.308261830192071,5.8320420729479725,0.020796347550133154
5.858585858585859,0.3202563076101739,1.3082627015355646,6.038101496042357,0.020797704920407
6.0606060606060606,0.3202563076101739,1.3082632342244538,6.244161372532332,0.02079857955145248
6.262626262626263,0.3202563076101739,1.3082635556756876,6.450221534378911,0.02079913354612173
6.4646464646464645,0.3202563076101739,1.3082637460350908,6.656281875899489,0.020799480691772065
6.666666666666667,0.3202563076101739,1.3082638576580083,6.86234232553522,0.02079969375632429
6.8686868686868685,0.3202563076101739,1.3082639221417338,7.068402840405119,0.020799820983332662
7.070707070707071,0.3202563076101739,1.308263958761271,7.2744633942024794,0.020799897159991643
7.2727272727272725,0.3202563076101739,1.3082639791886133,7.480523970838001,0.020799941981941683
7.474747474747475,0.3202563076101739,1.3082639903722986,7.686584560637222,0.020799967880860804
7.6767676767676765,0.3202563076101739,1.308263996376518,7.892645157884421,0.020799982565738118
7.878787878787879,0.3202563076101739,1.3082639995346437,8.098705759264623,0.020799990729924223
8.080808080808081,0.3202563076101739,1.3082640011603885,8.304766362892348,0.020799995176517094
8.282828282828282,0.3202563076101739,1.3082640019786216,8.510826967716426,0.020799997546799842
8.484848484848484,0.3202563076101739,1.308264002380819,8.716887573163245,0.02079999878201355
8.686868686868687,0.3202563076101739,1.3082640025737384,8.922948178926605,0.02079999941061972
8.88888888888889,0.3202563076101739,1.3082640026640155,9.129008784846867,0.020799999722566298
9.090909090909092,0.3202563076101739,1.3082640027052843,9.335069390842856,0.020799999873294173
9.292929292929292,0.3202563076101739,1.3082640027238024,9.541129996874373,0.020799999944098757
9.494949494949495,0.3202563076101739,1.308264002732069,9.747190602922075,0.020799999976390593
9.696969696969697,0.3202563076101739,1.3082640027358559,9.953251208976921,0.02079999999066895
9.8989898989899,0.3202563076101739,1.3082640027377437,10.159311815034828,0.020799999996785168
10.1010101010101,0.3202563076101739,1.3082640027388472,10.365372421094001,0.02079999999932336
10.303030303030303,0.3202563076101739,1.3082640027396297,10.571433027153693,0.020800000000347763
10.505050505050505,0.3202563076101739,1.3082640027402763,10.777493633213599,0.020800000000753882
10.707070707070708,0.3202563076101739,1.308264002740857,10.9835542392736,0.020800000000916308
10.909090909090908,0.3202563076101739,1.3082640027413954,11.189614845333653,0.02080000000098514
11.11111111111111,0.3202563076101739,1.3082640027418997,11.395675451393746,0.02080000000101878
11.313131313131313,0.3202563076101739,1.3082640027423704,11.601736057453872,0.020800000001039765
11.515151515151516,0.3202563076101739,1.308264002742808,11.807796663514035,0.020800000001053753
11.717171717171718,0.3202563076101739,1.308264002743211,12.013857269574233,0.020800000001065966
11.919191919191919,0.3202563076101739,1.30826400274358,12.219917875634463,0.02080000000107507
12.121212121212121,0.3202563076101739,1.3082640027439145,12.425978481694731,0.020800000001082175
12.323232323232324,0.3202563076101739,1.3082640027442154,12.632039087755034,0.020800000001087615
12.525252525252526,0.3202563076101739,1.3082640027444832,12.838099693815371,0.020800000001091168
12.727272727272727,0.3202563076101739,1.3082640027447199,13.044160299875736,0.020800000001092278
12.929292929292929,0.3202563076101739,1.3082640027449268,13.250220905936136,0.020800000001091723
13.131313131313131,0.3202563076101739,1.3082640027451058,13.456281511996565,0.020800000001089503
13.333333333333334,0.3202563076101739,1.3082640027452594,13.662342118057017,0.020800000001085173
13.535353535353535,0.3202563076101739,1.3082640027453896,13.868402724117493,0.020800000001080288
13.737373737373737,0.3202563076101739,1.3082640027454984,14.074463330177991,0.020800000001075514
13.93939393939394,0.3202563076101739,1.3082640027455894,14.28052393623851,0.020800000001069296
14.141414141414142,0.3202563076101739,1.308264002745664,14.486584542299045,0.02080000000106408
14.343434343434344,0.3202563076101739,1.308264002745726,14.69264514835959,0.020800000001058416
14.545454545454545,0.3202563076101739,1.3082640027457764,14.898705754420149,0.020800000001054086
14.747474747474747,0.3202563076101739,1.3082640027458179,15.104766360480715,0.0208000000010502
14.94949494949495,0.3202563076101739,1.308264002745852,15.31082696654129,0.02080000000104787
15.151515151515152,0.3202563076101739,1.308264002745881,15.516887572601865,0.02080000000104576
15.353535353535353,0.3202563076101739,1.3082640027459052,15.722948178662449,0.020800000001044427
15.555555555555555,0.3202563076101739,1.308264002745926,15.929008784723035,0.020800000001043095
15.757575757575758,0.3202563076101739,1.3082640027459438,16.135069390783624,0.020800000001042873
15.95959595959596,0.3202563076101739,1.3082640027459589,16.341129996844217,0.020800000001043095
16.161616161616163,0.3202563076101739,1.308264002745972,16.54719060290481,0.020800000001044205
16.363636363636363,0.3202563076101739,1.3082640027459833,16.753251208965402,0.020800000001047314
16.565656565656564,0.3202563076101739,1.3082640027459935,16.959311815025995,0.020800000001050978
16.767676767676768,0.3202563076101739,1.3082640027460033,17.165372421086595,0.020800000001054086
16.96969696969697,0.3202563076101739,1.308264002746013,17.371433027147187,0.020800000001058416
17.171717171717173,0.3202563076101739,1.3082640027460224,17.577493633207784,0.0208000000010633
17.373737373737374,0.3202563076101739,1.3082640027460326,17.783554239268376,0.020800000001066965
17.575757575757574,0.3202563076101739,1.3082640027460424,17.98961484532897,0.02080000000106985
17.77777777777778,0.3202563076101739,1.3082640027460515,18.19567545138957,0.02080000000107063
17.97979797979798,0.3202563076101739,1.3082640027460593,18.401736057450165,0.02080000000106974
18.181818181818183,0.3202563076101739,1.3082640027460648,18.60779666351077,0.020800000001068075
18.383838383838384,0.3202563076101739,1.3082640027460684,18.813857269571372,0.020800000001066965
18.585858585858585,0.3202563076101739,1.30826400274607,19.019917875631975,0.02080000000106641
18.78787878787879,0.3202563076101739,1.3082640027460712,19.22597848169258,0.020800000001065855
18.98989898989899,0.3202563076101739,1.3082640027460712,19.432039087753186,0.020800000001065855
19.19191919191919,0.3202563076101739,1.3082640027460717,19.63809969381379,0.020800000001068075
19.393939393939394,0.3202563076101739,1.3082640027460717,19.844160299874396,0.0208000000010794
19.595959595959595,0.3202563076101739,1.3082640027460717,20.0,0.020800000001087837
19.7979797979798,0.3202563076101739,1.3082640027460717,20.0,0.020800000001087837
20.0,0.3202563076101739,1.3082640027460717,20.0,0.020800000001087837
